Workbook

Sheet age_acceleration_summary_cohort
A1: cohort | B1: nature_paper | G1: women_post_natal | L1: women_pre_natal
A2: model | B2: Claude Sonnet | C2: GPT 20b | D2: Gemini Flash | E2: Gemini Pro | F2: Qwen 3 | G2: Claude Sonnet | H2: GPT 20b | I2: Gemini Flash | J2: Gemini Pro | K2: Qwen 3 | L2: Claude Sonnet | M2: GPT 20b | N2: Gemini Flash | O2: Gemini Pro | P2: Qwen 3
A3: overall_biological_age | B3: 3.1428571 | C3: 7.7142857 | D3: 1.1428571 | E3: 1.8571429 | F3: 5.1428571 | G3: 2.8842857 | H3: 5.4557143 | I3: 0.88428571 | J3: 1.5985714 | K3: 7.17 | L3: 5.6114286 | M3: 6.1828571 | N3: 3.04 | O3: 2.04 | P3: 8.8971429
A4: mean of ages | B4: =AVERAGE(B6:B11) -> 1.3333333 | C4: =AVERAGE(C6:C11) -> 5.7380952 | D4: =AVERAGE(D6:D11) -> 0.61904762 | E4: =AVERAGE(E6:E11) -> 1.0952381 | F4: =AVERAGE(F6:F11) -> 1.3809524 | G4: =AVERAGE(G6:G11) -> 1.17 | H4: =AVERAGE(H6:H11) -> 2.1938095 | I4: =AVERAGE(I6:I11) -> 0.33666667 | ... P4: =AVERAGE(P6:P11) -> 3.2304762
A5: DIFFERENCE | B5: =B3-B4 -> 1.8095238 | C5: =C3-C4 -> 1.9761905 | D5: =D3-D4 -> 0.52380952 | E5: =E3-E4 -> 0.76190476 | F5: =F3-F4 -> 3.7619048 | G5: =G3-G4 -> 1.7142857 | H5: =H3-H4 -> 3.2619048 | I5: =I3-I4 -> 0.54761905 | ... P5: =P3-P4 -> 5.6666667
A6: cardiovascular_age | B6: 6.2857143 | C6: 9.2857143 | D6: 2.8571429 | E6: 3.2857143 | F6: 4.7142857 | G6: 1.8842857 | H6: 3.3128571 | I6: -0.54428571 | J6: 0.88428571 | K6: 2.5985714 | L6: 7.1828571 | M6: 8.3257143 | N6: 4.4685714 | O6: 2.7542857 | P6: 7.1828571
A7: hepatic_age | B7: -2.7142857 | C7: 2.4285714 | D7: -2.5714286 | E7: -0.57142857 | F7: -1.8571429 | G7: 1.0271429 | H7: 2.3128571 | I7: 0.027142857 | J7: 1.0271429 | K7: 3.0271429 | L7: 3.1828571 | M7: 3.8971429 | N7: 1.3257143 | O7: 0.46857143 | P7: 1.1828571
A8: metabolic_system_age | B8: 1.2857143 | C8: 6.2857143 | D8: 0.71428571 | E8: 1.2857143 | F8: 3.7142857 | G8: 2.4557143 | H8: 4.17 | I8: 0.88428571 | J8: 0.88428571 | K8: 7.0271429 | L8: 6.3257143 | M8: 7.4685714 | N8: 5.4685714 | O8: 3.4685714 | P8: 9.7542857
A9: musculoskeletal_age | B9: 1.5714286 | C9: 7.4285714 | D9: 1.1428571 | E9: -0.14285714 | F9: 2.2857143 | G9: 2.4557143 | H9: 2.4557143 | I9: 3.5985714 | J9: 1.5985714 | K9: 4.8842857 | L9: 0.46857143 | M9: 3.7542857 | N9: 1.4685714 | O9: 0.75428571 | P9: 3.3257143
A10: pulmonary_age | B10: 4 | C10: 9.2857143 | D10: 2.8571429 | E10: 2.7142857 | F10: 1.5714286 | G10: 1.0271429 | H10: 1.0271429 | I10: -0.40142857 | J10: 0.027142857 | K10: -0.40142857 | L10: 0.18285714 | M10: 2.6114286 | N10: -0.38857143 | O10: -1.2457143 | P10: -0.67428571
A11: renal_age | B11: -2.4285714 | C11: -0.28571429 | D11: -1.2857143 | E11: 0 | F11: -2.1428571 | G11: -1.83 | H11: -0.11571429 | I11: -1.5442857 | J11: -0.54428571 | K11: -1.5442857 | L11: -1.8171429 | M11: 0.18285714 | N11: -0.53142857 | O11: -0.67428571 | P11: -1.3885714
B12: =SUM(B6:B11) -> 8 | C12: =SUM(C6:C11) -> 34.428571 | D12: =SUM(D6:D11) -> 3.7142857 | E12: =SUM(E6:E11) -> 6.5714286 | F12: =SUM(F6:F11) -> 8.2857143 | G12: =SUM(G6:G11) -> 7.02 | H12: =SUM(H6:H11) -> 13.162857 | I12: =SUM(I6:I11) -> 2.02 | ... P12: =SUM(P6:P11) -> 19.382857

Sheet median
B1: nature_paper | G1: women_post_natal | L1: women_pre_natal
B2: Claude Sonnet | C2: GPT 20b | D2: Gemini Flash | E2: Gemini Pro | F2: Qwen 3 | G2: Claude Sonnet | H2: GPT 20b | I2: Gemini Flash | J2: Gemini Pro | K2: Qwen 3 | L2: Claude Sonnet | M2: GPT 20b | N2: Gemini Flash | O2: Gemini Pro | P2: Qwen 3
A3: overall_biological_age | B3: 6 | C3: 13 | D3: 3 | E3: 3 | F3: 7 | G3: 4.65 | H3: 6 | I3: -2.32 | J3: 1.65 | K3: 4.65 | L3: 5 | M3: 6.15 | N3: 2.72 | O3: 2 | P3: 8.15
A4: cardiovascular_age | B4: 10 | C4: 15 | D4: 5 | E4: 5 | F4: 7 | G4: 2.65 | H4: 2 | I4: -3.35 | J4: 0.65 | K4: 1.68 | L4: 7 | M4: 9 | N4: 4 | O4: 3 | P4: 7.15
A5: hepatic_age | B5: -5 | C5: 3 | D5: -2 | E5: 0 | F5: -1 | G5: -1.53 | H5: -0.35 | I5: -3.32 | J5: -1.35 | K5: -1.32 | L5: 3.15 | M5: 4.15 | N5: 0.72 | O5: 0 | P5: 0.15
A6: metabolic_system_age | B6: 3 | C6: 10 | D6: 2 | E6: 1 | F6: 6 | G6: 4.65 | H6: 5.65 | I6: -0.35 | J6: 1.65 | K6: 5.65 | L6: 7.65 | M6: 8.15 | N6: 5.15 | O6: 3 | P6: 10
A7: musculoskeletal_age | B7: 2 | C7: 7 | D7: -2 | E7: 0 | F7: 4 | G7: 2.68 | H7: 2.68 | I7: 2.68 | J7: 2 | K7: 5.68 | L7: 0.29 | M7: 5 | N7: 1.15 | O7: 0.15 | P7: 0.47
A8: pulmonary_age | B8: 7 | C8: 10 | D8: 3 | E8: 3 | F8: 4 | G8: -2.32 | H8: 1 | I8: -1.88 | J8: -0.32 | K8: -0.35 | L8: -0.71 | M8: 1 | N8: -1.28 | O8: -1.28 | P8: -1.85
A9: renal_age | B9: -1 | C9: 1 | D9: -1 | E9: 0 | F9: -2 | G9: -3.88 | H9: -0.53 | I9: -3.32 | J9: -1.35 | K9: -2 | L9: -1.85 | M9: 0.15 | N9: -0.53 | O9: -0.35 | P9: -1.28

Sheet differences
B1: nature_paper | G1: women_post_natal | L1: women_pre_natal
B2: Claude Sonnet | C2: GPT 20b | D2: Gemini Flash | E2: Gemini Pro | F2: Qwen 3 | G2: Claude Sonnet | H2: GPT 20b | I2: Gemini Flash | J2: Gemini Pro | K2: Qwen 3 | L2: Claude Sonnet | M2: GPT 20b | N2: Gemini Flash | O2: Gemini Pro | P2: Qwen 3
A3: overall_biological_age | B3: =age_acceleration_summary_cohort!B3-median!B3 -> -2.8571429 | C3: =age_acceleration_summary_cohort!C3-median!C3 -> -5.2857143 | D3: =age_acceleration_summary_cohort!D3-median!D3 -> -1.8571429 | E3: =age_acceleration_summary_cohort!E3-median!E3 -> -1.1428571 | F3: =age_acceleration_summary_cohort!F3-median!F3 -> -1.8571429 | G3: =age_acceleration_summary_cohort!G3-median!G3 -> -1.7657143 | H3: =age_acceleration_summary_cohort!H3-median!H3 -> -0.54428571 | I3: =age_acceleration_summary_cohort!I3-median!I3 -> 3.2042857 | ... P3: =age_acceleration_summary_cohort!P3-median!P3 -> 0.74714286
A4: cardiovascular_age | B4: =age_acceleration_summary_cohort!B6-median!B4 -> -3.7142857 | C4: =age_acceleration_summary_cohort!C6-median!C4 -> -5.7142857 | D4: =age_acceleration_summary_cohort!D6-median!D4 -> -2.1428571 | E4: =age_acceleration_summary_cohort!E6-median!E4 -> -1.7142857 | F4: =age_acceleration_summary_cohort!F6-median!F4 -> -2.2857143 | G4: =age_acceleration_summary_cohort!G6-median!G4 -> -0.76571429 | H4: =age_acceleration_summary_cohort!H6-median!H4 -> 1.3128571 | I4: =age_acceleration_summary_cohort!I6-median!I4 -> 2.8057143 | ... P4: =age_acceleration_summary_cohort!P6-median!P4 -> 0.032857143
A5: hepatic_age | B5: =age_acceleration_summary_cohort!B7-median!B5 -> 2.2857143 | C5: =age_acceleration_summary_cohort!C7-median!C5 -> -0.57142857 | D5: =age_acceleration_summary_cohort!D7-median!D5 -> -0.57142857 | E5: =age_acceleration_summary_cohort!E7-median!E5 -> -0.57142857 | F5: =age_acceleration_summary_cohort!F7-median!F5 -> -0.85714286 | G5: =age_acceleration_summary_cohort!G7-median!G5 -> 2.5571429 | H5: =age_acceleration_summary_cohort!H7-median!H5 -> 2.6628571 | I5: =age_acceleration_summary_cohort!I7-median!I5 -> 3.3471429 | ... P5: =age_acceleration_summary_cohort!P7-median!P5 -> 1.0328571
A6: metabolic_system_age | B6: =age_acceleration_summary_cohort!B8-median!B6 -> -1.7142857 | C6: =age_acceleration_summary_cohort!C8-median!C6 -> -3.7142857 | D6: =age_acceleration_summary_cohort!D8-median!D6 -> -1.2857143 | E6: =age_acceleration_summary_cohort!E8-median!E6 -> 0.28571429 | F6: =age_acceleration_summary_cohort!F8-median!F6 -> -2.2857143 | G6: =age_acceleration_summary_cohort!G8-median!G6 -> -2.1942857 | H6: =age_acceleration_summary_cohort!H8-median!H6 -> -1.48 | I6: =age_acceleration_summary_cohort!I8-median!I6 -> 1.2342857 | ... P6: =age_acceleration_summary_cohort!P8-median!P6 -> -0.24571429
A7: musculoskeletal_age | B7: =age_acceleration_summary_cohort!B9-median!B7 -> -0.42857143 | C7: =age_acceleration_summary_cohort!C9-median!C7 -> 0.42857143 | D7: =age_acceleration_summary_cohort!D9-median!D7 -> 3.1428571 | E7: =age_acceleration_summary_cohort!E9-median!E7 -> -0.14285714 | F7: =age_acceleration_summary_cohort!F9-median!F7 -> -1.7142857 | G7: =age_acceleration_summary_cohort!G9-median!G7 -> -0.22428571 | H7: =age_acceleration_summary_cohort!H9-median!H7 -> -0.22428571 | I7: =age_acceleration_summary_cohort!I9-median!I7 -> 0.91857143 | ... P7: =age_acceleration_summary_cohort!P9-median!P7 -> 2.8557143
A8: pulmonary_age | B8: =age_acceleration_summary_cohort!B10-median!B8 -> -3 | C8: =age_acceleration_summary_cohort!C10-median!C8 -> -0.71428571 | D8: =age_acceleration_summary_cohort!D10-median!D8 -> -0.14285714 | E8: =age_acceleration_summary_cohort!E10-median!E8 -> -0.28571429 | F8: =age_acceleration_summary_cohort!F10-median!F8 -> -2.4285714 | G8: =age_acceleration_summary_cohort!G10-median!G8 -> 3.3471429 | H8: =age_acceleration_summary_cohort!H10-median!H8 -> 0.027142857 | I8: =age_acceleration_summary_cohort!I10-median!I8 -> 1.4785714 | ... P8: =age_acceleration_summary_cohort!P10-median!P8 -> 1.1757143
A9: renal_age | B9: =age_acceleration_summary_cohort!B11-median!B9 -> -1.4285714 | C9: =age_acceleration_summary_cohort!C11-median!C9 -> -1.2857143 | D9: =age_acceleration_summary_cohort!D11-median!D9 -> -0.28571429 | E9: =age_acceleration_summary_cohort!E11-median!E9 -> 0 | F9: =age_acceleration_summary_cohort!F11-median!F9 -> -0.14285714 | G9: =age_acceleration_summary_cohort!G11-median!G9 -> 2.05 | H9: =age_acceleration_summary_cohort!H11-median!H9 -> 0.41428571 | I9: =age_acceleration_summary_cohort!I11-median!I9 -> 1.7757143 | ... P9: =age_acceleration_summary_cohort!P11-median!P9 -> -0.10857143
A10: Avg mean-meadin skew | B10: =AVERAGE(B3:B9) -> -1.5510204 | C10: =AVERAGE(C3:C9) -> -2.4081633 | D10: =AVERAGE(D3:D9) -> -0.44897959 | E10: =AVERAGE(E3:E9) -> -0.51020408 | F10: =AVERAGE(F3:F9) -> -1.6530612 | G10: =AVERAGE(G3:G9) -> 0.42918367 | H10: =AVERAGE(H3:H9) -> 0.30979592 | I10: =AVERAGE(I3:I9) -> 2.1091837 | ... P10: =AVERAGE(P3:P9) -> 0.78428571
